perimeter_id,zone_id,method,distance_meters,distance_miles,confidence,perimeter_point,zone_point
2,17674,boundary_to_boundary,0.0,0.0,1.0,"(-117.1615690000001, 33.36066300000002)","(-117.1615690000001, 33.36066300000002)"
5,14697,boundary_to_boundary,0.0,0.0,1.0,"(-117.47588857911707, 33.964470972671904)","(-117.47588857911707, 33.964470972671904)"
7,18425,boundary_to_boundary,0.0,0.0,1.0,"(-117.0902080000001, 32.99895500000002)","(-117.0902080000001, 32.99895500000002)"
15,15273,boundary_to_boundary,368.7380679262511,0.229123782374297,0.9541752435251406,"(-117.2010070899123, 33.961433663997816)","(-117.201191, 33.96867700000003)"
16,16557,boundary_to_boundary,0.0,0.0,1.0,"(-116.963182, 33.710993)","(-116.963182, 33.710993)"
24,32519,boundary_to_boundary,0.0,0.0,1.0,"(-118.5695860000004, 34.08824899999999)","(-118.5695860000004, 34.08824899999999)"
26,9848,boundary_to_boundary,0.0,0.0,1.0,"(-118.4748458862305, 34.33018272459023)","(-118.4748458862305, 34.33018272459023)"
