perimeter_id,zone_id,method,distance_meters,distance_miles,confidence,perimeter_centroid,zone_centroid
2,17674,centroid_distance,582.9268829253754,0.362214872510082,0.9275570254979836,"(-117.16169100104219, 33.36219298938965)","(-117.16692955409694, 33.36175388928061)"
5,14936,centroid_distance,345.1184650494626,0.21444720509616527,0.9571105589807669,"(-117.47421726017501, 33.96502222850684)","(-117.47165636667312, 33.96122115289639)"
7,18425,centroid_distance,401.66123928705224,0.24958134346194855,0.9500837313076103,"(-117.08941995267867, 32.999817841151696)","(-117.09296348341205, 33.00135738291071)"
15,15273,centroid_distance,744.2611241655136,0.46246357150478684,0.9075072856990426,"(-117.20148459121596, 33.96920054532618)","(-117.20198075520823, 33.95459865652157)"
16,16557,centroid_distance,495.667539536851,0.3079942955104894,0.9384011408979022,"(-116.9627590515183, 33.70979136593641)","(-116.96715966687863, 33.7113588404972)"
24,32519,centroid_distance,1010.5095926981016,0.6279031110257011,0.8744193777948598,"(-118.57424403952808, 34.0726557611767)","(-118.56570857113225, 34.07917920403809)"
26,9823,centroid_distance,660.6755606893684,0.4105257811831983,0.9178948437633603,"(-118.47949908942924, 34.3326575180579)","(-118.48475113200854, 34.32683169860097)"
