perimeter_id,zone_id,method,distance_meters,distance_miles,confidence,perimeter_vertex,zone_vertex
2,17674,nearest_vertex,77.63854007516454,0.04824247211600069,0.9903515055767999,"(-117.1608100000002, 33.36212900000003)","(-117.1602630615234, 33.36307977730604)"
5,14697,nearest_vertex,12.824891941175927,0.007969038202726538,0.9984061923594547,"(-117.4707829999997, 33.96483800000001)","(-117.4708843231201, 33.96471854937434)"
7,18425,nearest_vertex,106.45672833710339,0.06614930862161096,0.9867701382756778,"(-117.0892440000003, 33.000472)","(-117.0896244049072, 33.00240130782529)"
15,15273,nearest_vertex,371.6645337070123,0.2309422084252006,0.9538115583149599,"(-117.200974, 33.96871099999998)","(-117.2006034851074, 33.96144391162336)"
16,16557,nearest_vertex,15.50514900549574,0.009634476869707918,0.9980731046260585,"(-116.962946, 33.707933)","(-116.9628524780273, 33.70770488897932)"
24,32519,nearest_vertex,1.4122847677849508,0.0008775552510873717,0.9998244889497825,"(-118.599202, 34.074342)","(-118.599214553833, 34.07434602722432)"
26,9823,nearest_vertex,6.0688735963024945,0.0037710325949162357,0.9992457934810167,"(-118.469611, 34.33021000000002)","(-118.4696102142334, 34.33032448266236)"
